<?xml version="1.0"?>
<!--<!DOCTYPE metadata SYSTEM "http://www.esri.com/metadata/esriprof80.dtd">-->
<metadata xml:lang="fa"><Esri><CreaDate>20210123</CreaDate><CreaTime>08102800</CreaTime><SyncOnce>FALSE</SyncOnce><DataProperties><lineage><Process ToolSource="C:\Program Files\ArcGIS\ArcToolbox\Toolboxes\Data Management Tools.tbx\DefineProjection" Date="20140524" Time="120614">DefineProjection "F:\GIS arzyabi amalkard\Gis\aquifer.shp" PROJCS['WGS_1984_UTM_Zone_40N',GEOGCS['GCS_WGS_1984',DATUM['D_WGS_1984',SPHEROID['WGS_1984',6378137.0,298.257223563]],PRIMEM['Greenwich',0.0],UNIT['Degree',0.0174532925199433]],PROJECTION['Transverse_Mercator'],PARAMETER['False_Easting',500000.0],PARAMETER['False_Northing',0.0],PARAMETER['Central_Meridian',57.0],PARAMETER['Scale_Factor',0.9996],PARAMETER['Latitude_Of_Origin',0.0],UNIT['Meter',1.0]] "F:\GIS arzyabi amalkard\Gis\aquifer.shp"</Process><Process ToolSource="C:\Program Files\ArcGIS\ArcToolbox\Toolboxes\Data Management Tools.tbx\DefineProjection" Date="20140528" Time="105638">DefineProjection "F:\GIS arzyabi amalkard\Copy of Gis\aquifer39.shp" PROJCS['WGS_1984_UTM_Zone_39N',GEOGCS['GCS_WGS_1984',DATUM['D_WGS_1984',SPHEROID['WGS_1984',6378137.0,298.257223563]],PRIMEM['Greenwich',0.0],UNIT['Degree',0.0174532925199433]],PROJECTION['Transverse_Mercator'],PARAMETER['False_Easting',500000.0],PARAMETER['False_Northing',0.0],PARAMETER['Central_Meridian',51.0],PARAMETER['Scale_Factor',0.9996],PARAMETER['Latitude_Of_Origin',0.0],UNIT['Meter',1.0]] "F:\GIS arzyabi amalkard\Copy of Gis\aquifer39.shp"</Process><Process ToolSource="C:\Program Files\ArcGIS\ArcToolbox\Toolboxes\Data Management Tools.tbx\Merge" Date="20140528" Time="111702">Merge 'F:\GIS arzyabi amalkard\Copy of Gis\aquifer39.shp';'F:\GIS arzyabi amalkard\Gis\aquifer.shp';'F:\GIS arzyabi amalkard\Gis2\Aquifer_Project.shp';'F:\GIS arzyabi amalkard\Gis3\ABKHAN_Project.shp';'F:\GIS arzyabi amalkard\Gis4\abkhan_90_N.shp' "F:\GIS arzyabi amalkard\Copy of Gis\aquiferMerge.shp" "LOCATION 'LOCATION' true true false 16 Text 0 0 ,First,#,F:\GIS arzyabi amalkard\Copy of Gis\aquifer39.shp,LOCATION,-1,-1,F:\GIS arzyabi amalkard\Gis\aquifer.shp,LOCATION,-1,-1;ST_CODE 'ST_CODE' true true false 16 Double 6 15 ,First,#,F:\GIS arzyabi amalkard\Copy of Gis\aquifer39.shp,ST_CODE,-1,-1,F:\GIS arzyabi amalkard\Gis\aquifer.shp,ST_CODE,-1,-1,F:\GIS arzyabi amalkard\Gis4\abkhan_90_N.shp,ST_Code,-1,-1;ST_NAME 'ST_NAME' true true false 50 Text 0 0 ,First,#,F:\GIS arzyabi amalkard\Copy of Gis\aquifer39.shp,ST_NAME,-1,-1,F:\GIS arzyabi amalkard\Gis\aquifer.shp,ST_NAME,-1,-1,F:\GIS arzyabi amalkard\Gis4\abkhan_90_N.shp,ST_Name,-1,-1;AREA 'AREA' true true false 16 Double 3 15 ,First,#,F:\GIS arzyabi amalkard\Copy of Gis\aquifer39.shp,AREA,-1,-1,F:\GIS arzyabi amalkard\Gis\aquifer.shp,AREA,-1,-1;PERIMETER 'PERIMETER' true true false 16 Double 3 15 ,First,#,F:\GIS arzyabi amalkard\Copy of Gis\aquifer39.shp,PERIMETER,-1,-1,F:\GIS arzyabi amalkard\Gis\aquifer.shp,PERIMETER,-1,-1;ACRES 'ACRES' true true false 16 Double 3 15 ,First,#,F:\GIS arzyabi amalkard\Copy of Gis\aquifer39.shp,ACRES,-1,-1,F:\GIS arzyabi amalkard\Gis\aquifer.shp,ACRES,-1,-1;AQ_NAME 'AQ_NAME' true true false 16 Text 0 0 ,First,#,F:\GIS arzyabi amalkard\Copy of Gis\aquifer39.shp,AQ_NAME,-1,-1,F:\GIS arzyabi amalkard\Gis\aquifer.shp,AQ_NAME,-1,-1;NAME_1 'NAME_1' true true false 20 Text 0 0 ,First,#,F:\GIS arzyabi amalkard\Gis2\Aquifer_Project.shp,NAME_1,-1,-1;Kind 'Kind' true true false 20 Text 0 0 ,First,#,F:\GIS arzyabi amalkard\Gis2\Aquifer_Project.shp,Kind,-1,-1;Code 'Code' true true false 19 Double 0 0 ,First,#,F:\GIS arzyabi amalkard\Gis2\Aquifer_Project.shp,Code,-1,-1;Hectares 'Hectares' true true false 19 Double 0 0 ,First,#,F:\GIS arzyabi amalkard\Gis2\Aquifer_Project.shp,Hectares,-1,-1;FID_ 'FID_' true true false 9 Long 0 9 ,First,#,F:\GIS arzyabi amalkard\Gis3\ABKHAN_Project.shp,FID_,-1,-1;Layer 'Layer' true true false 254 Text 0 0 ,First,#,F:\GIS arzyabi amalkard\Gis3\ABKHAN_Project.shp,Layer,-1,-1,F:\GIS arzyabi amalkard\Gis4\abkhan_90_N.shp,layer,-1,-1;MAHDUDE 'MAHDUDE' true true false 9 Long 0 9 ,First,#,F:\GIS arzyabi amalkard\Gis3\ABKHAN_Project.shp,MAHDUDE,-1,-1;Entity 'Entity' true true false 16 Text 0 0 ,First,#,F:\GIS arzyabi amalkard\Gis3\ABKHAN_Project.shp,Entity,-1,-1;Handle 'Handle' true true false 16 Text 0 0 ,First,#,F:\GIS arzyabi amalkard\Gis3\ABKHAN_Project.shp,Handle,-1,-1;LyrFrzn 'LyrFrzn' true true false 4 Short 0 4 ,First,#,F:\GIS arzyabi amalkard\Gis3\ABKHAN_Project.shp,LyrFrzn,-1,-1;LyrLock 'LyrLock' true true false 4 Short 0 4 ,First,#,F:\GIS arzyabi amalkard\Gis3\ABKHAN_Project.shp,LyrLock,-1,-1;LyrOn 'LyrOn' true true false 4 Short 0 4 ,First,#,F:\GIS arzyabi amalkard\Gis3\ABKHAN_Project.shp,LyrOn,-1,-1;LyrVPFrzn 'LyrVPFrzn' true true false 4 Short 0 4 ,First,#,F:\GIS arzyabi amalkard\Gis3\ABKHAN_Project.shp,LyrVPFrzn,-1,-1;LyrHandle 'LyrHandle' true true false 16 Text 0 0 ,First,#,F:\GIS arzyabi amalkard\Gis3\ABKHAN_Project.shp,LyrHandle,-1,-1;Color 'Color' true true false 4 Short 0 4 ,First,#,F:\GIS arzyabi amalkard\Gis3\ABKHAN_Project.shp,Color,-1,-1;EntColor 'EntColor' true true false 4 Short 0 4 ,First,#,F:\GIS arzyabi amalkard\Gis3\ABKHAN_Project.shp,EntColor,-1,-1;LyrColor 'LyrColor' true true false 4 Short 0 4 ,First,#,F:\GIS arzyabi amalkard\Gis3\ABKHAN_Project.shp,LyrColor,-1,-1;BlkColor 'BlkColor' true true false 4 Short 0 4 ,First,#,F:\GIS arzyabi amalkard\Gis3\ABKHAN_Project.shp,BlkColor,-1,-1;Linetype 'Linetype' true true false 254 Text 0 0 ,First,#,F:\GIS arzyabi amalkard\Gis3\ABKHAN_Project.shp,Linetype,-1,-1;EntLinetyp 'EntLinetyp' true true false 254 Text 0 0 ,First,#,F:\GIS arzyabi amalkard\Gis3\ABKHAN_Project.shp,EntLinetyp,-1,-1;LyrLnType 'LyrLnType' true true false 254 Text 0 0 ,First,#,F:\GIS arzyabi amalkard\Gis3\ABKHAN_Project.shp,LyrLnType,-1,-1;BlkLinetyp 'BlkLinetyp' true true false 254 Text 0 0 ,First,#,F:\GIS arzyabi amalkard\Gis3\ABKHAN_Project.shp,BlkLinetyp,-1,-1;Elevation 'Elevation' true true false 19 Double 0 0 ,First,#,F:\GIS arzyabi amalkard\Gis3\ABKHAN_Project.shp,Elevation,-1,-1;Thickness 'Thickness' true true false 19 Double 0 0 ,First,#,F:\GIS arzyabi amalkard\Gis3\ABKHAN_Project.shp,Thickness,-1,-1;LineWt 'LineWt' true true false 4 Short 0 4 ,First,#,F:\GIS arzyabi amalkard\Gis3\ABKHAN_Project.shp,LineWt,-1,-1;EntLineWt 'EntLineWt' true true false 4 Short 0 4 ,First,#,F:\GIS arzyabi amalkard\Gis3\ABKHAN_Project.shp,EntLineWt,-1,-1;LyrLineWt 'LyrLineWt' true true false 4 Short 0 4 ,First,#,F:\GIS arzyabi amalkard\Gis3\ABKHAN_Project.shp,LyrLineWt,-1,-1;BlkLineWt 'BlkLineWt' true true false 4 Short 0 4 ,First,#,F:\GIS arzyabi amalkard\Gis3\ABKHAN_Project.shp,BlkLineWt,-1,-1;RefName 'RefName' true true false 254 Text 0 0 ,First,#,F:\GIS arzyabi amalkard\Gis3\ABKHAN_Project.shp,RefName,-1,-1;LTScale 'LTScale' true true false 19 Double 0 0 ,First,#,F:\GIS arzyabi amalkard\Gis3\ABKHAN_Project.shp,LTScale,-1,-1;ExtX 'ExtX' true true false 19 Double 0 0 ,First,#,F:\GIS arzyabi amalkard\Gis3\ABKHAN_Project.shp,ExtX,-1,-1;ExtY 'ExtY' true true false 19 Double 0 0 ,First,#,F:\GIS arzyabi amalkard\Gis3\ABKHAN_Project.shp,ExtY,-1,-1;ExtZ 'ExtZ' true true false 19 Double 0 0 ,First,#,F:\GIS arzyabi amalkard\Gis3\ABKHAN_Project.shp,ExtZ,-1,-1;DocName 'DocName' true true false 254 Text 0 0 ,First,#,F:\GIS arzyabi amalkard\Gis3\ABKHAN_Project.shp,DocName,-1,-1;DocPath 'DocPath' true true false 254 Text 0 0 ,First,#,F:\GIS arzyabi amalkard\Gis3\ABKHAN_Project.shp,DocPath,-1,-1;DocType 'DocType' true true false 32 Text 0 0 ,First,#,F:\GIS arzyabi amalkard\Gis3\ABKHAN_Project.shp,DocType,-1,-1;DocVer 'DocVer' true true false 16 Text 0 0 ,First,#,F:\GIS arzyabi amalkard\Gis3\ABKHAN_Project.shp,DocVer,-1,-1;OBJECTID_1 'OBJECTID_1' true true false 9 Long 0 9 ,First,#,F:\GIS arzyabi amalkard\Gis4\abkhan_90_N.shp,OBJECTID_1,-1,-1;OBJECTID 'OBJECTID' true true false 9 Long 0 9 ,First,#,F:\GIS arzyabi amalkard\Gis4\abkhan_90_N.shp,OBJECTID,-1,-1;Shape_Leng 'Shape_Leng' true true false 19 Double 0 0 ,First,#,F:\GIS arzyabi amalkard\Gis4\abkhan_90_N.shp,Shape_Leng,-1,-1;آبخوان 'آبخوان' true true false 50 Text 0 0 ,First,#,F:\GIS arzyabi amalkard\Gis4\abkhan_90_N.shp,آبخوان,-1,-1;Shape_Le_1 'Shape_Le_1' true true false 19 Double 0 0 ,First,#,F:\GIS arzyabi amalkard\Gis4\abkhan_90_N.shp,Shape_Le_1,-1,-1;Shape_Area 'Shape_Area' true true false 19 Double 0 0 ,First,#,F:\GIS arzyabi amalkard\Gis4\abkhan_90_N.shp,Shape_Area,-1,-1"</Process><Process ToolSource="e:\program files\arcgis\desktop10.2\ArcToolbox\Toolboxes\Analysis Tools.tbx\Clip" Date="20170226" Time="095550">Clip abkhan "محدوده مطالعاتی 4808" F:\gissamane\yazdardakan\ab.shp #</Process></lineage><itemProps><itemName Sync="TRUE">abkhan1</itemName><imsContentType Sync="TRUE">002</imsContentType><itemSize Sync="TRUE">0.000</itemSize><itemLocation><linkage Sync="TRUE">file://\\FARANAKKARBASSI\F$\gissamane\yazdardakan\aquifer\abkhan1.shp</linkage><protocol Sync="TRUE">Local Area Network</protocol></itemLocation></itemProps><coordRef><type Sync="TRUE">Geographic</type><geogcsn Sync="TRUE">GCS_WGS_1984</geogcsn><csUnits Sync="TRUE">Angular Unit: Degree (0.017453)</csUnits><peXml Sync="TRUE">&lt;GeographicCoordinateSystem xsi:type='typens:GeographicCoordinateSystem' xmlns:xsi='http://www.w3.org/2001/XMLSchema-instance' xmlns:xs='http://www.w3.org/2001/XMLSchema' xmlns:typens='http://www.esri.com/schemas/ArcGIS/10.1'&gt;&lt;WKT&gt;GEOGCS[&amp;quot;GCS_WGS_1984&amp;quot;,DATUM[&amp;quot;D_WGS_1984&amp;quot;,SPHEROID[&amp;quot;WGS_1984&amp;quot;,6378137.0,298.257223563]],PRIMEM[&amp;quot;Greenwich&amp;quot;,0.0],UNIT[&amp;quot;Degree&amp;quot;,0.0174532925199433],AUTHORITY[&amp;quot;EPSG&amp;quot;,4326]]&lt;/WKT&gt;&lt;XOrigin&gt;-400&lt;/XOrigin&gt;&lt;YOrigin&gt;-400&lt;/YOrigin&gt;&lt;XYScale&gt;11258999068426.238&lt;/XYScale&gt;&lt;ZOrigin&gt;-100000&lt;/ZOrigin&gt;&lt;ZScale&gt;10000&lt;/ZScale&gt;&lt;MOrigin&gt;-100000&lt;/MOrigin&gt;&lt;MScale&gt;10000&lt;/MScale&gt;&lt;XYTolerance&gt;8.983152841195215e-009&lt;/XYTolerance&gt;&lt;ZTolerance&gt;0.001&lt;/ZTolerance&gt;&lt;MTolerance&gt;0.001&lt;/MTolerance&gt;&lt;HighPrecision&gt;true&lt;/HighPrecision&gt;&lt;LeftLongitude&gt;-180&lt;/LeftLongitude&gt;&lt;WKID&gt;4326&lt;/WKID&gt;&lt;LatestWKID&gt;4326&lt;/LatestWKID&gt;&lt;/GeographicCoordinateSystem&gt;</peXml></coordRef></DataProperties><SyncDate>20170228</SyncDate><SyncTime>13311200</SyncTime><ModDate>20170228</ModDate><ModTime>13311200</ModTime><ArcGISFormat>1.0</ArcGISFormat><ArcGISstyle>XTools Pro Metadata</ArcGISstyle></Esri><idinfo><native Sync="TRUE">Microsoft Windows XP Version 5.1 (Build 2600) Service Pack 3; ESRI ArcCatalog 9.3.0.1770</native><descript><langdata Sync="TRUE">fa</langdata><abstract>REQUIRED: A brief narrative summary of the data set.</abstract><purpose>REQUIRED: A summary of the intentions with which the data set was developed.</purpose></descript><citation><citeinfo><origin>REQUIRED: The name of an organization or individual that developed the data set.</origin><pubdate>REQUIRED: The date when the data set is published or otherwise made available for release.</pubdate><title Sync="TRUE">aquiferMerge</title><ftname Sync="TRUE">aquiferMerge</ftname><geoform Sync="TRUE">vector digital data</geoform><onlink Sync="TRUE">\\ASKARZADE\F$\GIS arzyabi amalkard\Copy of Gis\aquiferMerge.shp</onlink></citeinfo></citation><timeperd><current>REQUIRED: The basis on which the time period of content information is determined.</current><timeinfo><sngdate><caldate>REQUIRED: The year (and optionally month, or month and day) for which the data set corresponds to the ground.</caldate></sngdate></timeinfo></timeperd><status><progress>REQUIRED: The state of the data set.</progress><update>REQUIRED: The frequency with which changes and additions are made to the data set after the initial data set is completed.</update></status><spdom><bounding><westbc Sync="TRUE">REQUIRED: Western-most coordinate of the limit of coverage expressed in longitude.</westbc><eastbc Sync="TRUE">REQUIRED: Eastern-most coordinate of the limit of coverage expressed in longitude.</eastbc><northbc Sync="TRUE">REQUIRED: Northern-most coordinate of the limit of coverage expressed in latitude.</northbc><southbc Sync="TRUE">REQUIRED: Southern-most coordinate of the limit of coverage expressed in latitude.</southbc></bounding></spdom><keywords><theme><themekt>REQUIRED: Reference to a formally registered thesaurus or a similar authoritative source of theme keywords.</themekt><themekey>REQUIRED: Common-use word or phrase used to describe the subject of the data set.</themekey></theme></keywords><accconst>REQUIRED: Restrictions and legal prerequisites for accessing the data set.</accconst><useconst>REQUIRED: Restrictions and legal prerequisites for using the data set after access is granted.</useconst><natvform Sync="TRUE">Shapefile</natvform></idinfo><dataIdInfo><envirDesc Sync="TRUE">Microsoft Windows 7 Version 6.1 (Build 7601) Service Pack 1; Esri ArcGIS 10.2.0.3348</envirDesc><dataLang><languageCode Sync="TRUE" value="fas"></languageCode><countryCode value="IRN" Sync="TRUE"></countryCode></dataLang><idCitation><resTitle Sync="TRUE">abkhan1</resTitle><presForm><PresFormCd Sync="TRUE" value="005"></PresFormCd></presForm></idCitation><spatRpType><SpatRepTypCd Sync="TRUE" value="001"></SpatRepTypCd></spatRpType></dataIdInfo><metainfo><langmeta Sync="TRUE">fa</langmeta><metstdn Sync="TRUE">FGDC Content Standards for Digital Geospatial Metadata</metstdn><metstdv Sync="TRUE">FGDC-STD-001-1998</metstdv><mettc Sync="TRUE">local time</mettc><metc><cntinfo><cntorgp><cntper>REQUIRED: The person responsible for the metadata information.</cntper><cntorg>REQUIRED: The organization responsible for the metadata information.</cntorg></cntorgp><cntaddr><addrtype>REQUIRED: The mailing and/or physical address for the organization or individual.</addrtype><city>REQUIRED: The city of the address.</city><state>REQUIRED: The state or province of the address.</state><postal>REQUIRED: The ZIP or other postal code of the address.</postal></cntaddr><cntvoice>REQUIRED: The telephone number by which individuals can speak to the organization or individual.</cntvoice></cntinfo></metc><metd Sync="TRUE">20140528</metd></metainfo><mdLang><languageCode Sync="TRUE" value="fas"></languageCode><countryCode value="IRN" Sync="TRUE"></countryCode></mdLang><mdStanName Sync="TRUE">ISO 19115 Geographic Information - Metadata</mdStanName><mdStanVer Sync="TRUE">DIS_ESRI1.0</mdStanVer><mdChar><CharSetCd Sync="TRUE" value="004"></CharSetCd></mdChar><mdHrLv><ScopeCd Sync="TRUE" value="005"></ScopeCd></mdHrLv><mdHrLvName Sync="TRUE">dataset</mdHrLvName><distinfo><resdesc Sync="TRUE">Downloadable Data</resdesc><stdorder><digform><digtinfo><transize Sync="TRUE">0.000</transize><dssize Sync="TRUE">0.000</dssize></digtinfo></digform></stdorder></distinfo><distInfo><distributor><distorTran><onLineSrc><orDesc Sync="TRUE">002</orDesc><linkage Sync="TRUE">file://\\ASKARZADE\F$\GIS arzyabi amalkard\Copy of Gis\aquiferMerge.shp</linkage><protocol Sync="TRUE">Local Area Network</protocol></onLineSrc><transSize Sync="TRUE">0.000</transSize></distorTran><distorFormat><formatName Sync="TRUE">Shapefile</formatName></distorFormat></distributor><distFormat><formatName Sync="TRUE">Shapefile</formatName></distFormat><distTranOps><transSize Sync="TRUE">0.000</transSize></distTranOps></distInfo><spdoinfo><direct Sync="TRUE">Vector</direct><ptvctinf><esriterm Name="abkhan1"><efeatyp Sync="TRUE">Simple</efeatyp><efeageom code="4" Sync="TRUE"></efeageom><esritopo Sync="TRUE">FALSE</esritopo><efeacnt Sync="TRUE">0</efeacnt><spindex Sync="TRUE">FALSE</spindex><linrefer Sync="TRUE">TRUE</linrefer></esriterm></ptvctinf></spdoinfo><spref><horizsys><cordsysn><geogcsn Sync="TRUE">GCS_WGS_1984</geogcsn><projcsn Sync="TRUE">WGS_1984_UTM_Zone_39N</projcsn></cordsysn><geodetic><horizdn Sync="TRUE">D_WGS_1984</horizdn><ellips Sync="TRUE">WGS_1984</ellips><semiaxis Sync="TRUE">6378137.000000</semiaxis><denflat Sync="TRUE">298.257224</denflat></geodetic></horizsys><vertdef><altsys><altenc Sync="TRUE">Explicit elevation coordinate included with horizontal coordinates</altenc><altres Sync="TRUE">0.000100</altres></altsys></vertdef></spref><refSysInfo><RefSystem><refSysID><identCode Sync="TRUE" code="4326">WGS_1984_UTM_Zone_39N</identCode><idCodeSpace Sync="TRUE">EPSG</idCodeSpace><idVersion Sync="TRUE">8.1.1</idVersion></refSysID></RefSystem></refSysInfo><spatRepInfo><VectSpatRep><geometObjs Name="abkhan1"><geoObjTyp><GeoObjTypCd value="002" Sync="TRUE"></GeoObjTypCd></geoObjTyp><geoObjCnt Sync="TRUE">0</geoObjCnt></geometObjs><topLvl><TopoLevCd value="001" Sync="TRUE"></TopoLevCd></topLvl></VectSpatRep></spatRepInfo><eainfo><detailed Name="abkhan1"><enttyp><enttypl Sync="TRUE">abkhan1</enttypl><enttypt Sync="TRUE">Feature Class</enttypt><enttypc Sync="TRUE">0</enttypc></enttyp><attr><attrlabl Sync="TRUE">FID</attrlabl><attalias Sync="TRUE">FID</attalias><attrtype Sync="TRUE">OID</attrtype><attwidth Sync="TRUE">4</attwidth><atprecis Sync="TRUE">0</atprecis><attscale Sync="TRUE">0</attscale><attrdef Sync="TRUE">Internal feature number.</attrdef><attrdefs Sync="TRUE">ESRI</attrdefs><attrdomv><udom Sync="TRUE">Sequential unique whole numbers that are automatically generated.</udom></attrdomv></attr><attr><attrlabl Sync="TRUE">Shape</attrlabl><attalias Sync="TRUE">Shape</attalias><attrtype Sync="TRUE">Geometry</attrtype><attwidth Sync="TRUE">0</attwidth><atprecis Sync="TRUE">0</atprecis><attscale Sync="TRUE">0</attscale><attrdef Sync="TRUE">Feature geometry.</attrdef><attrdefs Sync="TRUE">ESRI</attrdefs><attrdomv><udom Sync="TRUE">Coordinates defining the features.</udom></attrdomv></attr><attr><attrlabl Sync="TRUE">Id</attrlabl><attalias Sync="TRUE">Id</attalias><attrtype Sync="TRUE">Integer</attrtype><attwidth Sync="TRUE">6</attwidth><atprecis Sync="TRUE">6</atprecis><attscale Sync="TRUE">0</attscale></attr><attr><attrlabl Sync="TRUE">ST_CODE</attrlabl><attalias Sync="TRUE">ST_CODE</attalias><attrtype Sync="TRUE">Double</attrtype><attwidth Sync="TRUE">16</attwidth><atprecis Sync="TRUE">15</atprecis><attscale Sync="TRUE">6</attscale></attr><attr><attrlabl Sync="TRUE">ST_NAME</attrlabl><attalias Sync="TRUE">ST_NAME</attalias><attrtype Sync="TRUE">String</attrtype><attwidth Sync="TRUE">50</attwidth><atprecis Sync="TRUE">0</atprecis><attscale Sync="TRUE">0</attscale></attr><attr><attrlabl Sync="TRUE">AREA</attrlabl><attalias Sync="TRUE">AREA</attalias><attrtype Sync="TRUE">Double</attrtype><attwidth Sync="TRUE">16</attwidth><atprecis Sync="TRUE">15</atprecis><attscale Sync="TRUE">3</attscale></attr><attr><attrlabl Sync="TRUE">PERIMETER</attrlabl><attalias Sync="TRUE">PERIMETER</attalias><attrtype Sync="TRUE">Double</attrtype><attwidth Sync="TRUE">16</attwidth><atprecis Sync="TRUE">15</atprecis><attscale Sync="TRUE">3</attscale></attr><attr><attrlabl Sync="TRUE">AQ_NAME</attrlabl><attalias Sync="TRUE">AQ_NAME</attalias><attrtype Sync="TRUE">String</attrtype><attwidth Sync="TRUE">16</attwidth><atprecis Sync="TRUE">0</atprecis><attscale Sync="TRUE">0</attscale></attr></detailed></eainfo><mdDateSt Sync="TRUE">20170228</mdDateSt></metadata>
